-- SHINSIGHT Demo Seed Data
-- 3 KOL wallets with 12 calls across all verdict states (TRUE/FALSE/EXPIRED)
-- Assets: BTC(0), ETH(1), SOL(2), BNB(3), APT(4)

-- ============================================================================
-- KOL Alpha: 5 calls — 4 TRUE, 1 FALSE → 80% accuracy, streak +4
-- KOL Beta:  5 calls — 2 TRUE, 2 FALSE, 1 EXPIRED → 40% accuracy, streak -1
-- KOL Gamma: 2 calls — 1 TRUE, 0 FALSE, 1 EXPIRED → 100% accuracy (new KOL)
-- ============================================================================

-- Dummy encryption values (not real AES keys, just for demo display)
-- In production these are generated by the submit-call Edge Function

-- KOL Alpha calls (high accuracy)
INSERT INTO calls (call_id_onchain, kol_address, asset, direction, target_price, reveal_timestamp, unlock_price, content_hash, encrypted_blob, decryption_key, encryption_iv, status, is_revealed, settlement_tx_hash) VALUES
  (0, '0xaa11bb22cc33dd44ee55ff6677889900aabbccdd', 0, true,  7000000000000, NOW() - INTERVAL '3 days', 100000000, 'a1b2c3d4', 'demo_blob_1', 'demo_key_1', 'demo_iv_1', 'settled_true', true, '0xdemo_tx_1'),
  (1, '0xaa11bb22cc33dd44ee55ff6677889900aabbccdd', 1, true,  350000000000,  NOW() - INTERVAL '2 days', 50000000,  'a2b3c4d5', 'demo_blob_2', 'demo_key_2', 'demo_iv_2', 'settled_true', true, '0xdemo_tx_2'),
  (2, '0xaa11bb22cc33dd44ee55ff6677889900aabbccdd', 2, false, 15000000000,   NOW() - INTERVAL '1 day',  100000000, 'a3b4c5d6', 'demo_blob_3', 'demo_key_3', 'demo_iv_3', 'settled_true', true, '0xdemo_tx_3'),
  (3, '0xaa11bb22cc33dd44ee55ff6677889900aabbccdd', 0, true,  8000000000000, NOW() - INTERVAL '12 hours', 200000000, 'a4b5c6d7', 'demo_blob_4', 'demo_key_4', 'demo_iv_4', 'settled_false', true, '0xdemo_tx_4'),
  (4, '0xaa11bb22cc33dd44ee55ff6677889900aabbccdd', 4, true,  800000000,     NOW() - INTERVAL '6 hours', 100000000, 'a5b6c7d8', 'demo_blob_5', 'demo_key_5', 'demo_iv_5', 'settled_true', true, '0xdemo_tx_5');

-- KOL Beta calls (mixed results)
INSERT INTO calls (call_id_onchain, kol_address, asset, direction, target_price, reveal_timestamp, unlock_price, content_hash, encrypted_blob, decryption_key, encryption_iv, status, is_revealed, settlement_tx_hash) VALUES
  (5, '0x1122334455667788aabbccddeeff00112233aabb', 0, false, 6500000000000, NOW() - INTERVAL '4 days', 150000000, 'b1c2d3e4', 'demo_blob_6', 'demo_key_6', 'demo_iv_6', 'settled_true', true, '0xdemo_tx_6'),
  (6, '0x1122334455667788aabbccddeeff00112233aabb', 1, true,  400000000000,  NOW() - INTERVAL '3 days', 100000000, 'b2c3d4e5', 'demo_blob_7', 'demo_key_7', 'demo_iv_7', 'settled_false', true, '0xdemo_tx_7'),
  (7, '0x1122334455667788aabbccddeeff00112233aabb', 3, true,  60000000000,   NOW() - INTERVAL '2 days', 50000000,  'b3c4d5e6', 'demo_blob_8', 'demo_key_8', 'demo_iv_8', 'settled_true', true, '0xdemo_tx_8'),
  (8, '0x1122334455667788aabbccddeeff00112233aabb', 2, true,  20000000000,   NOW() - INTERVAL '1 day',  100000000, 'b4c5d6e7', 'demo_blob_9', 'demo_key_9', 'demo_iv_9', 'settled_false', true, '0xdemo_tx_9'),
  (9, '0x1122334455667788aabbccddeeff00112233aabb', 4, false, 500000000,     NOW() - INTERVAL '2 days', 100000000, 'b5c6d7e8', 'demo_blob_10', 'demo_key_10', 'demo_iv_10', 'expired', true, NULL);

-- KOL Gamma calls (new KOL, cautious)
INSERT INTO calls (call_id_onchain, kol_address, asset, direction, target_price, reveal_timestamp, unlock_price, content_hash, encrypted_blob, decryption_key, encryption_iv, status, is_revealed, settlement_tx_hash) VALUES
  (10, '0xdeadbeef00112233445566778899aabbccddeeff', 0, true, 7200000000000, NOW() - INTERVAL '1 day', 100000000, 'c1d2e3f4', 'demo_blob_11', 'demo_key_11', 'demo_iv_11', 'settled_true', true, '0xdemo_tx_11'),
  (11, '0xdeadbeef00112233445566778899aabbccddeeff', 1, true, 380000000000,  NOW() - INTERVAL '3 days', 50000000,  'c2d3e4f5', 'demo_blob_12', 'demo_key_12', 'demo_iv_12', 'expired', true, NULL);

-- Active calls (still sealed, for Live Feed)
INSERT INTO calls (call_id_onchain, kol_address, asset, direction, target_price, reveal_timestamp, unlock_price, content_hash, encrypted_blob, decryption_key, encryption_iv, status, is_revealed) VALUES
  (12, '0xaa11bb22cc33dd44ee55ff6677889900aabbccdd', 0, true,  7500000000000, NOW() + INTERVAL '2 hours',  100000000, 'd1e2f3a4', 'demo_blob_13', 'demo_key_13', 'demo_iv_13', 'active', false),
  (13, '0x1122334455667788aabbccddeeff00112233aabb', 1, false, 320000000000,  NOW() + INTERVAL '6 hours',  150000000, 'd2e3f4a5', 'demo_blob_14', 'demo_key_14', 'demo_iv_14', 'active', false),
  (14, '0xdeadbeef00112233445566778899aabbccddeeff', 2, true,  18000000000,   NOW() + INTERVAL '12 hours', 50000000,  'd3e4f5a6', 'demo_blob_15', 'demo_key_15', 'demo_iv_15', 'active', false);

-- Demo buyers (for settled calls)
INSERT INTO buyers (call_id, buyer_address, deposit_tx_hash, key_delivered, delivered_at) VALUES
  (1, '0xbuyer1_aaaa', '0xdep_tx_1', true, NOW() - INTERVAL '3 days'),
  (1, '0xbuyer2_bbbb', '0xdep_tx_2', true, NOW() - INTERVAL '3 days'),
  (2, '0xbuyer1_aaaa', '0xdep_tx_3', true, NOW() - INTERVAL '2 days'),
  (3, '0xbuyer3_cccc', '0xdep_tx_4', true, NOW() - INTERVAL '1 day'),
  (4, '0xbuyer2_bbbb', '0xdep_tx_5', true, NOW() - INTERVAL '12 hours'),
  (6, '0xbuyer1_aaaa', '0xdep_tx_6', true, NOW() - INTERVAL '4 days'),
  (7, '0xbuyer3_cccc', '0xdep_tx_7', true, NOW() - INTERVAL '3 days'),
  (11, '0xbuyer2_bbbb', '0xdep_tx_8', true, NOW() - INTERVAL '1 day');

-- Settlement logs
INSERT INTO settlement_log (call_id, verdict, oracle_price, target_price, total_escrow, kol_payout, buyer_refund_per, protocol_fee, tx_hash) VALUES
  (1, 'settled_true',  7100000000000, 7000000000000, 200000000, 162000000, 0,        20000000, '0xdemo_tx_1'),
  (2, 'settled_true',  360000000000,  350000000000,  50000000,  40500000,  0,        5000000,  '0xdemo_tx_2'),
  (3, 'settled_true',  14000000000,   15000000000,   100000000, 81000000,  0,        10000000, '0xdemo_tx_3'),
  (4, 'settled_false', 7800000000000, 8000000000000, 200000000, 54000000,  126000000, 20000000, '0xdemo_tx_4'),
  (5, 'settled_true',  7200000000000, 7000000000000, 100000000, 81000000,  0,        10000000, '0xdemo_tx_5'),
  (6, 'settled_true',  6400000000000, 6500000000000, 150000000, 121500000, 0,        15000000, '0xdemo_tx_6'),
  (7, 'settled_false', 410000000000,  400000000000,  100000000, 27000000,  63000000, 10000000, '0xdemo_tx_7'),
  (8, 'settled_true',  62000000000,   60000000000,   50000000,  40500000,  0,        5000000,  '0xdemo_tx_8'),
  (9, 'settled_false', 19000000000,   20000000000,   100000000, 27000000,  63000000, 10000000, '0xdemo_tx_9'),
  (10, 'expired',      NULL,          500000000,     NULL,      NULL,      NULL,     NULL,     NULL),
  (11, 'settled_true', 7300000000000, 7200000000000, 100000000, 81000000,  0,        10000000, '0xdemo_tx_11'),
  (12, 'expired',      NULL,          380000000000,  NULL,      NULL,      NULL,     NULL,     NULL);

-- KOL stats (matching the calls above)
INSERT INTO kol_stats (kol_address, total_calls, true_calls, false_calls, expired_calls, total_escrow_earned, current_streak) VALUES
  ('0xaa11bb22cc33dd44ee55ff6677889900aabbccdd', 5, 4, 1, 0, 337500000, 1),
  ('0x1122334455667788aabbccddeeff00112233aabb', 5, 2, 2, 1, 189000000, -1),
  ('0xdeadbeef00112233445566778899aabbccddeeff', 2, 1, 0, 1, 81000000, 0)
ON CONFLICT (kol_address) DO UPDATE SET
  total_calls = EXCLUDED.total_calls,
  true_calls = EXCLUDED.true_calls,
  false_calls = EXCLUDED.false_calls,
  expired_calls = EXCLUDED.expired_calls,
  total_escrow_earned = EXCLUDED.total_escrow_earned,
  current_streak = EXCLUDED.current_streak;
